
<revhistory>

<revision>
<revnumber>1.6</revnumber>
<date>March 01, 2012</date>
<revremark>
</revremark>
</revision>



<revision>
<revnumber>1.5</revnumber>
<date>October 28, 2011</date>
<revremark>
       ReadSegy.m : Added option 'traces' that allow fast reading of specific 
	traces. 
	When the 'minmax' option is used, the corresponding traces
	are first located thorugh header files, and then data
	are read using the 'traces' options.
	For larger files this casues the readomh tme to decrease
	significantly when using the 'minmax' option. 
</revremark>
</revision>


<revision>
<revnumber>1.4</revnumber>
<date>April 05, 2011</date>
<revremark>
ReadSegyHeader.m : Fixed 'SkipData' conflict with Robust Control Toolbox. Disabled Waitbar.

wiggle.m : Allowed specification of line color. Allow overlaying wiggle plots. Allow NaN value in 'VA' style plotting.

ReadSu : Fixed typo in line 221.

MergeSegy.m : Added mfile to merge Segy Files.
</revremark>
</revision>

<revision>
<revnumber>1.3</revnumber>
<date>January 20, 2010</date>
<revremark>
Added 'ReadSegyTraceHeaderValue' and 'WriteSegyTraceHeaderValue' that can be used to read and write the TraceHeaderValues one by one. Much faster that reading the whole dataset. 
</revremark>
</revision>


<revision>
<revnumber>1.2</revnumber>
<date>January 7, 2009</date>
<revremark>
Updated GUI to work for Matlab R2008a. 
Enabled loading of partial segyfile (using time and header ranges) from GUI (ctrl X).
Enabled editing of the textual file header (both ASCII and EBCDIC) 
</revremark>
</revision>



<revision>
<revnumber>1.11</revnumber>
<date>August 2008</date>
<revremark>
Kristian Stormark contributed a change to GetSegyTraceHeader that reduce the number of discoperations causing a significant speed up.  
</revremark>
</revision>

<revision>
<revnumber>1.08</revnumber>
<date>March 2007</date>
<revremark>
Urs Boeniger contributed a patch that allows arbitrary SegyTraceHeaders to be specified for WriteSegy.m. 
</revremark>
</revision>

<revision>
<revnumber>1.06</revnumber>
<date></date>
<revremark>
Fixed a bug taht casue a fixed length of 5011 samples in ReadSu.
</revremark>
</revision>

<revision>
<revnumber>1.02</revnumber>
<date></date>
<revremark>
Cleaning up code to work with Octave 2.1.57. 
</revremark>
</revision>

<revision>
<revnumber>1.01</revnumber>
<date></date>
<revremark>
'jump' related fixes.
</revremark>
</revision>

<revision>
<revnumber>1.00</revnumber>
<date></date>
<revremark>
Cleaning up some Matlab 7.0 specific bugs.
</revremark>
</revision>



</revhistory>
