<?xml version="1.0" encoding='UTF-8'?>
<!DOCTYPE article SYSTEM "/usr/share/xml/docbook/schema/dtd/4.3/docbookx.dtd"[
<!ENTITY segymat-date SYSTEM "date.xml">
<!ENTITY segymat-revision SYSTEM "revision.xml">
<!ENTITY segymat-version SYSTEM "version.xml">
<!ENTITY segymat-bookinfo SYSTEM "bookinfo.xml">
<!ENTITY segymat-prefaceSYSTEM "preface.xml">
<!ENTITY segymat-install SYSTEM "install.xml">
<!ENTITY segymat-format SYSTEM "format.xml">
<!ENTITY segymat-guimode SYSTEM "guimode.xml">
<!ENTITY segymat-misc SYSTEM "misc.xml">
<!ENTITY segymat-quick SYSTEM "quick.xml">
<!ENTITY segymat-acknowledgement SYSTEM "acknowledgement.xml">
<!ENTITY segymat-segyreading SYSTEM "segyreading.xml">
<!ENTITY segymat-segywriting SYSTEM "segywriting.xml">
<!ENTITY segymat-functions SYSTEM "segymat-functions.xml">
<!ENTITY segymat-email "thomas.mejer.hansen@gmail.com">
<!ENTITY segymatweb "http://segymat.sourceforge.net/">
<!ENTITY segymat "SegyMAT">
<!ENTITY sgy "SEG-Y">
<!ENTITY pubdate SYSTEM "pubdate.xml"> 
]>
<article>
  <articleinfo>
    <title>&segymat;</title>
        
    <author>
      <firstname>Thomas Mejer</firstname>
      <surname>Hansen</surname>
      <affiliation>
        <address><email>thomas.mejer.hansen@gmail.com</email></address>
      </affiliation>
    </author>
    
    <copyright>
      <year>2001-2015</year>
      <holder role="mailto:thomas.mejer.hansen@gmail.com">Thomas Mejer Hansen</holder>
    </copyright>
    <legalnotice>
      <para>
	This library is free software; you can redistribute it and/or
	modify it under the terms of the
	<ulink url="http://www.gnu.org/copyleft/lesser.html">
	  <citetitle>GNU Lesser General Public License</citetitle>
	</ulink>
	as published by the Free Software Foundation; either
	version 2.1 of the License, or (at your option) any later version</para><para
	>This program is distributed in the hope that it will be useful,
	but WITHOUT ANY WARRANTY; without even the implied warranty of
	MERCHANTABILITY or FITNESS FOR A PARTICULAR PURPOSE. See the GNU
	Lesser General Public License for more details.</para><para
	>You should have received a copy of the GNU Lesser General Public License
	along with this program; if not, write to the Free Software
	Foundation, Inc., 59 Temple Place - Suite 330, Boston, MA  02111-1307, USA.
    </para></legalnotice>
    
    <edition>version &segymat-version;</edition>
    <pubdate></pubdate>

    <abstract>
      <para>&segymat; is a set of m-files that aims to ease importing and exporting SEG-Y files from Matlab.
      &segymat; aims to: completely support &sgy; revision 1; be easy to use in other projects; be compileable using the Matlab Compiler; be a Swiss Army knife dealing with the &sgy; format in Matlab.
      </para>
      <para>
  &segymat; is not lightning fast. &segymat; makes heavy use of 'structures'. Unfortunately structures are not very effective in terms of speed in Matlab. (Or they have not been implemented very effectively in &segymat;). However structures make the implementation and maintainance easier, and the code (hopefully) easy to read. That said, some effort has been made to optimize &segymat; for speed.
  </para>
  <para>
    The latest version of &segymat; is always available from Sourceforge : 
<ulink url="&segymatweb;"><citetitle>&segymatweb;</citetitle></ulink>.
  </para>

    </abstract>

    &segymat-revision;

  </articleinfo>

&segymat-install;
&segymat-format;
&segymat-segyreading;
&segymat-segywriting;

&segymat-misc;

&segymat-guimode;

&segymat-acknowledgement;



&segymat-functions;

</article>


      
